<?xml version="1.0" encoding="utf-8" standalone="yes" ?>
<rss version="2.0" xmlns:atom="http://www.w3.org/2005/Atom">
  <channel>
    <title>Publications | David Mora-Fonz</title>
    <link>https://dmorafz.github.io/publication/</link>
      <atom:link href="https://dmorafz.github.io/publication/index.xml" rel="self" type="application/rss+xml" />
    <description>Publications</description>
    <generator>Source Themes Academic (https://sourcethemes.com/academic/)</generator><language>en-us</language><copyright>©2020 by David Mora-Fonz</copyright><lastBuildDate>Wed, 01 Jul 2020 00:00:00 +0000</lastBuildDate>
    <image>
      <url>https://dmorafz.github.io/images/icon_hu0b7a4cb9992c9ac0e91bd28ffd38dd00_9727_512x512_fill_lanczos_center_2.png</url>
      <title>Publications</title>
      <link>https://dmorafz.github.io/publication/</link>
    </image>
    
    <item>
      <title>Making amorphous ZnO: Theoretical predictions of its structure and stability</title>
      <link>https://dmorafz.github.io/publication/article-azno/</link>
      <pubDate>Wed, 01 Jul 2020 00:00:00 +0000</pubDate>
      <guid>https://dmorafz.github.io/publication/article-azno/</guid>
      <description></description>
    </item>
    
    <item>
      <title>Modeling of Intrinsic Electron and Hole Trapping in Crystalline and Amorphous ZnO</title>
      <link>https://dmorafz.github.io/publication/article-azno-2/</link>
      <pubDate>Wed, 01 Jul 2020 00:00:00 +0000</pubDate>
      <guid>https://dmorafz.github.io/publication/article-azno-2/</guid>
      <description></description>
    </item>
    
    <item>
      <title>Real and virtual polymorphism of titanium selenide with robust interatomic potentials</title>
      <link>https://dmorafz.github.io/publication/article-tise2/</link>
      <pubDate>Wed, 01 Jul 2020 00:00:00 +0000</pubDate>
      <guid>https://dmorafz.github.io/publication/article-tise2/</guid>
      <description></description>
    </item>
    
  </channel>
</rss>
