[{"authors":["admin"],"categories":null,"content":"I am computational materials chemist working as a Research Fellow in the Physics \u0026amp; Astronomy Department at University College London. I am interested in using computational modelling techniques to study materials for energy applications, electronics and catalysis.\nI obtained my Bachelor’s degree in Chemical Engineer at UJAT (Mexico) in 2011. In 2012, I moved to London to start my PhD in Computational Chemistry under the supervision of Prof Richard Catlow at UCL. I received my PhD in 2016 and continued to work in collaboration with the UK Catalysis Hub at Harwell until 2017. From 2017, I am working as Research Associate in the Department of Physics \u0026amp; Astronomy at UCL as part of the group of Prof Alexander Shluger.\nMy main research interests can be summarised under the headings interatomic potentials development, metal oxides, surface science, catalysis and global optimisation methods. During my PhD, my particular interest was directed at the clean and defective surfaces of metal oxides and their interaction with supported nanoparticles for catalytic purposes. More recently, I have been working on modelling amorphous materials for applications in electronics and photocatalysis.\nMy likes include chess, travelling, coffee, reading and real ale.\n","date":1549324800,"expirydate":-62135596800,"kind":"term","lang":"en","lastmod":1567641600,"objectID":"2525497d367e79493fd32b198b28f040","permalink":"https://dmorafz.github.io/author/david-mora-fonz/","publishdate":"0001-01-01T00:00:00Z","relpermalink":"/author/david-mora-fonz/","section":"authors","summary":"I am computational materials chemist working as a Research Fellow in the Physics \u0026amp; Astronomy Department at University College London. I am interested in using computational modelling techniques to study materials for energy applications, electronics and catalysis.","tags":null,"title":"David Mora-Fonz","type":"authors"},{"authors":["吳恩達"],"categories":null,"content":"吳恩達 is a professor of artificial intelligence at the Stanford AI Lab. His research interests include distributed robotics, mobile computing and programmable matter. He leads the Robotic Neurobiology group, which develops self-reconfiguring robots, systems of self-organizing robots, and mobile sensor networks.\nLorem ipsum dolor sit amet, consectetur adipiscing elit. Sed neque elit, tristique placerat feugiat ac, facilisis vitae arcu. Proin eget egestas augue. Praesent ut sem nec arcu pellentesque aliquet. Duis dapibus diam vel metus tempus vulputate.\n","date":1461110400,"expirydate":-62135596800,"kind":"term","lang":"en","lastmod":1555459200,"objectID":"da99cb196019cc5857b9b3e950397ca9","permalink":"https://dmorafz.github.io/author/%E5%90%B3%E6%81%A9%E9%81%94/","publishdate":"0001-01-01T00:00:00Z","relpermalink":"/author/%E5%90%B3%E6%81%A9%E9%81%94/","section":"authors","summary":"吳恩達 is a professor of artificial intelligence at the Stanford AI Lab. His research interests include distributed robotics, mobile computing and programmable matter. He leads the Robotic Neurobiology group, which develops self-reconfiguring robots, systems of self-organizing robots, and mobile sensor networks.","tags":null,"title":"吳恩達","type":"authors"},{"authors":null,"categories":null,"content":"Flexibility This feature can be used for publishing content such as:\n Online courses Project or software documentation Tutorials  The courses folder may be renamed. For example, we can rename it to docs for software/project documentation or tutorials for creating an online course.\nDelete tutorials To remove these pages, delete the courses folder and see below to delete the associated menu link.\nUpdate site menu After renaming or deleting the courses folder, you may wish to update any [[main]] menu links to it by editing your menu configuration at config/_default/menus.toml.\nFor example, if you delete this folder, you can remove the following from your menu configuration:\n[[main]] name = \u0026quot;Courses\u0026quot; url = \u0026quot;courses/\u0026quot; weight = 50  Or, if you are creating a software documentation site, you can rename the courses folder to docs and update the associated Courses menu configuration to:\n[[main]] name = \u0026quot;Docs\u0026quot; url = \u0026quot;docs/\u0026quot; weight = 50  Update the docs menu If you use the docs layout, note that the name of the menu in the front matter should be in the form [menu.X] where X is the folder name. Hence, if you rename the courses/example/ folder, you should also rename the menu definitions in the front matter of files within courses/example/ from [menu.example] to [menu.\u0026lt;NewFolderName\u0026gt;].\n","date":1536451200,"expirydate":-62135596800,"kind":"section","lang":"en","lastmod":1536451200,"objectID":"59c3ce8e202293146a8a934d37a4070b","permalink":"https://dmorafz.github.io/courses/example/","publishdate":"2018-09-09T00:00:00Z","relpermalink":"/courses/example/","section":"courses","summary":"Learn how to use Academic's docs layout for publishing online courses, software documentation, and tutorials.","tags":null,"title":"Overview","type":"docs"},{"authors":null,"categories":null,"content":"In this tutorial, I\u0026rsquo;ll share my top 10 tips for getting started with Academic:\nTip 1 Lorem ipsum dolor sit amet, consectetur adipiscing elit. Duis posuere tellus ac convallis placerat. Proin tincidunt magna sed ex sollicitudin condimentum. Sed ac faucibus dolor, scelerisque sollicitudin nisi. Cras purus urna, suscipit quis sapien eu, pulvinar tempor diam. Quisque risus orci, mollis id ante sit amet, gravida egestas nisl. Sed ac tempus magna. Proin in dui enim. Donec condimentum, sem id dapibus fringilla, tellus enim condimentum arcu, nec volutpat est felis vel metus. Vestibulum sit amet erat at nulla eleifend gravida.\nNullam vel molestie justo. Curabitur vitae efficitur leo. In hac habitasse platea dictumst. Sed pulvinar mauris dui, eget varius purus congue ac. Nulla euismod, lorem vel elementum dapibus, nunc justo porta mi, sed tempus est est vel tellus. Nam et enim eleifend, laoreet sem sit amet, elementum sem. Morbi ut leo congue, maximus velit ut, finibus arcu. In et libero cursus, rutrum risus non, molestie leo. Nullam congue quam et volutpat malesuada. Sed risus tortor, pulvinar et dictum nec, sodales non mi. Phasellus lacinia commodo laoreet. Nam mollis, erat in feugiat consectetur, purus eros egestas tellus, in auctor urna odio at nibh. Mauris imperdiet nisi ac magna convallis, at rhoncus ligula cursus.\nCras aliquam rhoncus ipsum, in hendrerit nunc mattis vitae. Duis vitae efficitur metus, ac tempus leo. Cras nec fringilla lacus. Quisque sit amet risus at ipsum pharetra commodo. Sed aliquam mauris at consequat eleifend. Praesent porta, augue sed viverra bibendum, neque ante euismod ante, in vehicula justo lorem ac eros. Suspendisse augue libero, venenatis eget tincidunt ut, malesuada at lorem. Donec vitae bibendum arcu. Aenean maximus nulla non pretium iaculis. Quisque imperdiet, nulla in pulvinar aliquet, velit quam ultrices quam, sit amet fringilla leo sem vel nunc. Mauris in lacinia lacus.\nSuspendisse a tincidunt lacus. Curabitur at urna sagittis, dictum ante sit amet, euismod magna. Sed rutrum massa id tortor commodo, vitae elementum turpis tempus. Lorem ipsum dolor sit amet, consectetur adipiscing elit. Aenean purus turpis, venenatis a ullamcorper nec, tincidunt et massa. Integer posuere quam rutrum arcu vehicula imperdiet. Mauris ullamcorper quam vitae purus congue, quis euismod magna eleifend. Vestibulum semper vel augue eget tincidunt. Fusce eget justo sodales, dapibus odio eu, ultrices lorem. Duis condimentum lorem id eros commodo, in facilisis mauris scelerisque. Morbi sed auctor leo. Nullam volutpat a lacus quis pharetra. Nulla congue rutrum magna a ornare.\nAliquam in turpis accumsan, malesuada nibh ut, hendrerit justo. Cum sociis natoque penatibus et magnis dis parturient montes, nascetur ridiculus mus. Quisque sed erat nec justo posuere suscipit. Donec ut efficitur arcu, in malesuada neque. Nunc dignissim nisl massa, id vulputate nunc pretium nec. Quisque eget urna in risus suscipit ultricies. Pellentesque odio odio, tincidunt in eleifend sed, posuere a diam. Nam gravida nisl convallis semper elementum. Morbi vitae felis faucibus, vulputate orci placerat, aliquet nisi. Aliquam erat volutpat. Maecenas sagittis pulvinar purus, sed porta quam laoreet at.\nTip 2 Lorem ipsum dolor sit amet, consectetur adipiscing elit. Duis posuere tellus ac convallis placerat. Proin tincidunt magna sed ex sollicitudin condimentum. Sed ac faucibus dolor, scelerisque sollicitudin nisi. Cras purus urna, suscipit quis sapien eu, pulvinar tempor diam. Quisque risus orci, mollis id ante sit amet, gravida egestas nisl. Sed ac tempus magna. Proin in dui enim. Donec condimentum, sem id dapibus fringilla, tellus enim condimentum arcu, nec volutpat est felis vel metus. Vestibulum sit amet erat at nulla eleifend gravida.\nNullam vel molestie justo. Curabitur vitae efficitur leo. In hac habitasse platea dictumst. Sed pulvinar mauris dui, eget varius purus congue ac. Nulla euismod, lorem vel elementum dapibus, nunc justo porta mi, sed tempus est est vel tellus. Nam et enim eleifend, laoreet sem sit amet, elementum sem. Morbi ut leo congue, maximus velit ut, finibus arcu. In et libero cursus, rutrum risus non, molestie leo. Nullam congue quam et volutpat malesuada. Sed risus tortor, pulvinar et dictum nec, sodales non mi. Phasellus lacinia commodo laoreet. Nam mollis, erat in feugiat consectetur, purus eros egestas tellus, in auctor urna odio at nibh. Mauris imperdiet nisi ac magna convallis, at rhoncus ligula cursus.\nCras aliquam rhoncus ipsum, in hendrerit nunc mattis vitae. Duis vitae efficitur metus, ac tempus leo. Cras nec fringilla lacus. Quisque sit amet risus at ipsum pharetra commodo. Sed aliquam mauris at consequat eleifend. Praesent porta, augue sed viverra bibendum, neque ante euismod ante, in vehicula justo lorem ac eros. Suspendisse augue libero, venenatis eget tincidunt ut, malesuada at lorem. Donec vitae bibendum arcu. Aenean maximus nulla non pretium iaculis. Quisque imperdiet, nulla in pulvinar aliquet, velit quam ultrices quam, sit amet fringilla leo sem vel nunc. Mauris in lacinia lacus.\nSuspendisse a tincidunt lacus. Curabitur at urna sagittis, dictum ante sit amet, euismod magna. Sed rutrum massa id tortor commodo, vitae elementum turpis tempus. Lorem ipsum dolor sit amet, consectetur adipiscing elit. Aenean purus turpis, venenatis a ullamcorper nec, tincidunt et massa. Integer posuere quam rutrum arcu vehicula imperdiet. Mauris ullamcorper quam vitae purus congue, quis euismod magna eleifend. Vestibulum semper vel augue eget tincidunt. Fusce eget justo sodales, dapibus odio eu, ultrices lorem. Duis condimentum lorem id eros commodo, in facilisis mauris scelerisque. Morbi sed auctor leo. Nullam volutpat a lacus quis pharetra. Nulla congue rutrum magna a ornare.\nAliquam in turpis accumsan, malesuada nibh ut, hendrerit justo. Cum sociis natoque penatibus et magnis dis parturient montes, nascetur ridiculus mus. Quisque sed erat nec justo posuere suscipit. Donec ut efficitur arcu, in malesuada neque. Nunc dignissim nisl massa, id vulputate nunc pretium nec. Quisque eget urna in risus suscipit ultricies. Pellentesque odio odio, tincidunt in eleifend sed, posuere a diam. Nam gravida nisl convallis semper elementum. Morbi vitae felis faucibus, vulputate orci placerat, aliquet nisi. Aliquam erat volutpat. Maecenas sagittis pulvinar purus, sed porta quam laoreet at.\n","date":1557010800,"expirydate":-62135596800,"kind":"page","lang":"en","lastmod":1557010800,"objectID":"74533bae41439377bd30f645c4677a27","permalink":"https://dmorafz.github.io/courses/example/example1/","publishdate":"2019-05-05T00:00:00+01:00","relpermalink":"/courses/example/example1/","section":"courses","summary":"In this tutorial, I\u0026rsquo;ll share my top 10 tips for getting started with Academic:\nTip 1 Lorem ipsum dolor sit amet, consectetur adipiscing elit. Duis posuere tellus ac convallis placerat. Proin tincidunt magna sed ex sollicitudin condimentum.","tags":null,"title":"Example Page 1","type":"docs"},{"authors":null,"categories":null,"content":"Here are some more tips for getting started with Academic:\nTip 3 Lorem ipsum dolor sit amet, consectetur adipiscing elit. Duis posuere tellus ac convallis placerat. Proin tincidunt magna sed ex sollicitudin condimentum. Sed ac faucibus dolor, scelerisque sollicitudin nisi. Cras purus urna, suscipit quis sapien eu, pulvinar tempor diam. Quisque risus orci, mollis id ante sit amet, gravida egestas nisl. Sed ac tempus magna. Proin in dui enim. Donec condimentum, sem id dapibus fringilla, tellus enim condimentum arcu, nec volutpat est felis vel metus. Vestibulum sit amet erat at nulla eleifend gravida.\nNullam vel molestie justo. Curabitur vitae efficitur leo. In hac habitasse platea dictumst. Sed pulvinar mauris dui, eget varius purus congue ac. Nulla euismod, lorem vel elementum dapibus, nunc justo porta mi, sed tempus est est vel tellus. Nam et enim eleifend, laoreet sem sit amet, elementum sem. Morbi ut leo congue, maximus velit ut, finibus arcu. In et libero cursus, rutrum risus non, molestie leo. Nullam congue quam et volutpat malesuada. Sed risus tortor, pulvinar et dictum nec, sodales non mi. Phasellus lacinia commodo laoreet. Nam mollis, erat in feugiat consectetur, purus eros egestas tellus, in auctor urna odio at nibh. Mauris imperdiet nisi ac magna convallis, at rhoncus ligula cursus.\nCras aliquam rhoncus ipsum, in hendrerit nunc mattis vitae. Duis vitae efficitur metus, ac tempus leo. Cras nec fringilla lacus. Quisque sit amet risus at ipsum pharetra commodo. Sed aliquam mauris at consequat eleifend. Praesent porta, augue sed viverra bibendum, neque ante euismod ante, in vehicula justo lorem ac eros. Suspendisse augue libero, venenatis eget tincidunt ut, malesuada at lorem. Donec vitae bibendum arcu. Aenean maximus nulla non pretium iaculis. Quisque imperdiet, nulla in pulvinar aliquet, velit quam ultrices quam, sit amet fringilla leo sem vel nunc. Mauris in lacinia lacus.\nSuspendisse a tincidunt lacus. Curabitur at urna sagittis, dictum ante sit amet, euismod magna. Sed rutrum massa id tortor commodo, vitae elementum turpis tempus. Lorem ipsum dolor sit amet, consectetur adipiscing elit. Aenean purus turpis, venenatis a ullamcorper nec, tincidunt et massa. Integer posuere quam rutrum arcu vehicula imperdiet. Mauris ullamcorper quam vitae purus congue, quis euismod magna eleifend. Vestibulum semper vel augue eget tincidunt. Fusce eget justo sodales, dapibus odio eu, ultrices lorem. Duis condimentum lorem id eros commodo, in facilisis mauris scelerisque. Morbi sed auctor leo. Nullam volutpat a lacus quis pharetra. Nulla congue rutrum magna a ornare.\nAliquam in turpis accumsan, malesuada nibh ut, hendrerit justo. Cum sociis natoque penatibus et magnis dis parturient montes, nascetur ridiculus mus. Quisque sed erat nec justo posuere suscipit. Donec ut efficitur arcu, in malesuada neque. Nunc dignissim nisl massa, id vulputate nunc pretium nec. Quisque eget urna in risus suscipit ultricies. Pellentesque odio odio, tincidunt in eleifend sed, posuere a diam. Nam gravida nisl convallis semper elementum. Morbi vitae felis faucibus, vulputate orci placerat, aliquet nisi. Aliquam erat volutpat. Maecenas sagittis pulvinar purus, sed porta quam laoreet at.\nTip 4 Lorem ipsum dolor sit amet, consectetur adipiscing elit. Duis posuere tellus ac convallis placerat. Proin tincidunt magna sed ex sollicitudin condimentum. Sed ac faucibus dolor, scelerisque sollicitudin nisi. Cras purus urna, suscipit quis sapien eu, pulvinar tempor diam. Quisque risus orci, mollis id ante sit amet, gravida egestas nisl. Sed ac tempus magna. Proin in dui enim. Donec condimentum, sem id dapibus fringilla, tellus enim condimentum arcu, nec volutpat est felis vel metus. Vestibulum sit amet erat at nulla eleifend gravida.\nNullam vel molestie justo. Curabitur vitae efficitur leo. In hac habitasse platea dictumst. Sed pulvinar mauris dui, eget varius purus congue ac. Nulla euismod, lorem vel elementum dapibus, nunc justo porta mi, sed tempus est est vel tellus. Nam et enim eleifend, laoreet sem sit amet, elementum sem. Morbi ut leo congue, maximus velit ut, finibus arcu. In et libero cursus, rutrum risus non, molestie leo. Nullam congue quam et volutpat malesuada. Sed risus tortor, pulvinar et dictum nec, sodales non mi. Phasellus lacinia commodo laoreet. Nam mollis, erat in feugiat consectetur, purus eros egestas tellus, in auctor urna odio at nibh. Mauris imperdiet nisi ac magna convallis, at rhoncus ligula cursus.\nCras aliquam rhoncus ipsum, in hendrerit nunc mattis vitae. Duis vitae efficitur metus, ac tempus leo. Cras nec fringilla lacus. Quisque sit amet risus at ipsum pharetra commodo. Sed aliquam mauris at consequat eleifend. Praesent porta, augue sed viverra bibendum, neque ante euismod ante, in vehicula justo lorem ac eros. Suspendisse augue libero, venenatis eget tincidunt ut, malesuada at lorem. Donec vitae bibendum arcu. Aenean maximus nulla non pretium iaculis. Quisque imperdiet, nulla in pulvinar aliquet, velit quam ultrices quam, sit amet fringilla leo sem vel nunc. Mauris in lacinia lacus.\nSuspendisse a tincidunt lacus. Curabitur at urna sagittis, dictum ante sit amet, euismod magna. Sed rutrum massa id tortor commodo, vitae elementum turpis tempus. Lorem ipsum dolor sit amet, consectetur adipiscing elit. Aenean purus turpis, venenatis a ullamcorper nec, tincidunt et massa. Integer posuere quam rutrum arcu vehicula imperdiet. Mauris ullamcorper quam vitae purus congue, quis euismod magna eleifend. Vestibulum semper vel augue eget tincidunt. Fusce eget justo sodales, dapibus odio eu, ultrices lorem. Duis condimentum lorem id eros commodo, in facilisis mauris scelerisque. Morbi sed auctor leo. Nullam volutpat a lacus quis pharetra. Nulla congue rutrum magna a ornare.\nAliquam in turpis accumsan, malesuada nibh ut, hendrerit justo. Cum sociis natoque penatibus et magnis dis parturient montes, nascetur ridiculus mus. Quisque sed erat nec justo posuere suscipit. Donec ut efficitur arcu, in malesuada neque. Nunc dignissim nisl massa, id vulputate nunc pretium nec. Quisque eget urna in risus suscipit ultricies. Pellentesque odio odio, tincidunt in eleifend sed, posuere a diam. Nam gravida nisl convallis semper elementum. Morbi vitae felis faucibus, vulputate orci placerat, aliquet nisi. Aliquam erat volutpat. Maecenas sagittis pulvinar purus, sed porta quam laoreet at.\n","date":1557010800,"expirydate":-62135596800,"kind":"page","lang":"en","lastmod":1557010800,"objectID":"1c2b5a11257c768c90d5050637d77d6a","permalink":"https://dmorafz.github.io/courses/example/example2/","publishdate":"2019-05-05T00:00:00+01:00","relpermalink":"/courses/example/example2/","section":"courses","summary":"Here are some more tips for getting started with Academic:\nTip 3 Lorem ipsum dolor sit amet, consectetur adipiscing elit. Duis posuere tellus ac convallis placerat. Proin tincidunt magna sed ex sollicitudin condimentum.","tags":null,"title":"Example Page 2","type":"docs"},{"authors":null,"categories":null,"content":"","date":1593561600,"expirydate":-62135596800,"kind":"page","lang":"en","lastmod":1593561600,"objectID":"bfe3c5a76c6e9a752e6dc44e35d6a4c5","permalink":"https://dmorafz.github.io/publication/article-azno/","publishdate":"2020-07-01T00:00:00Z","relpermalink":"/publication/article-azno/","section":"publication","summary":"ZnO is a transparent semiconductor with optoelectronic, thermoelectric and  sensor applications, where using amorphous thin films presents great advantages. However, growing amorphous (a) films of pure ZnO  proved challenging due to their rapid crystallization. We investigated the ability of bulk ZnO to form glass structures using well-tested interatomic potentials and a melt and quench procedure within NPT ensemble. The geometries of some of the resulting structures were further optimized using Density Functional Theory calculations with the PBE functional. We demonstrate that cooling rates in melt and quench procedure equal or exceeding \\SI{100}{\\kelvin\\per\\pico\\second}  lead to formation of stable amorphous structures. However, ZnO samples tend to crystallize at lower cooling rates. This result does not depend on the size of the periodic cell used in the calculations for cells containing more than 324 atoms. Using simulation cells with up to 768000 atoms, we demonstrate that the expected average glass density is about \\SI{5.04}{\\gram\\per\\cubic\\centi\\meter} and the coordination numbers of Zn and O atoms are around 3.9. We calculate radial distribution functions and characterize the structures of amorphous ZnO samples. Using both the Activation-Relaxation-Technique and simulated annealing, we show that the obtained amorphous structures have low propensity to crystallization.","tags":null,"title":"Making amorphous ZnO: Theoretical predictions of its structure and stability","type":"publication"},{"authors":null,"categories":null,"content":"","date":1593561600,"expirydate":-62135596800,"kind":"page","lang":"en","lastmod":1593561600,"objectID":"23557d193337a0aeeb1af9d0ec450bdd","permalink":"https://dmorafz.github.io/publication/article-azno-2/","publishdate":"2020-07-01T00:00:00Z","relpermalink":"/publication/article-azno-2/","section":"publication","summary":"Recent advances in ultrafast liquid quenching and deposition of thin films on cold substrates make growing amorphous (a)-ZnO films increasingly feasible. We predict the  electronic  structure  and  electron  and  hole  trapping  properties  of  amorphous ZnO using Density Functional Theory (DFT) simulations with a hybrid density functional (h-DFT). An ensemble of fifty 324-atom structures is employed to obtain the distribution of structural and electronic properties of \\mbox{a-ZnO}. The results demonstrate that electrons do not localize in \\mbox{a-ZnO} but holes form deep localized states with average trapping energy of about \\SI{0.9}{\\electronvolt}. We also show that dispersion at the conduction band minimum (CBM) is not affected upon amorphization, suggesting that high electron mobility should be retained. An average value of a-ZnO band gap of \\SI{3.36}{\\electronvolt} is calculated with no states splitting into the band gap, which accounts for no substantial detrimental effect on the optical transparency upon amorphization. These findings may have important implications for future applications of \\hbox{a-ZnO} as a transparent conductor and  photo-catalyst.","tags":null,"title":"Modeling of Intrinsic Electron and Hole Trapping in Crystalline and Amorphous ZnO","type":"publication"},{"authors":null,"categories":null,"content":"","date":1593561600,"expirydate":-62135596800,"kind":"page","lang":"en","lastmod":1593561600,"objectID":"1a5c7dce9168671ad76d1cdfff7e99f5","permalink":"https://dmorafz.github.io/publication/article-tise2/","publishdate":"2020-07-01T00:00:00Z","relpermalink":"/publication/article-tise2/","section":"publication","summary":"The first successful pairwise potential for a layered material, TiSe$_2$, has been parameterised to fit the experimental data, using a genetic algorithm as the optimisation tool for the parameters of the interatomic potential. This potential has been tested on a wide range of hypothetical isomorphous AX$_2$ metastable phases using ab initio derived data. From the initial survey, the ground state 1T-TiSe$_2$ structure remains the lowest enthalpy phase in a wide range of pressures (0 to 25 GPa), which leaves open a question about the unknown high pressure phase(s) nature.","tags":null,"title":"Real and virtual polymorphism of titanium selenide with robust interatomic potentials","type":"publication"},{"authors":null,"categories":null,"content":"Academic is designed to give technical content creators a seamless experience. You can focus on the content and Academic handles the rest.\nHighlight your code snippets, take notes on math classes, and draw diagrams from textual representation.\nOn this page, you\u0026rsquo;ll find some examples of the types of technical content that can be rendered with Academic.\nExamples Code Academic supports a Markdown extension for highlighting code syntax. You can enable this feature by toggling the highlight option in your config/_default/params.toml file.\n```python import pandas as pd data = pd.read_csv(\u0026quot;data.csv\u0026quot;) data.head() ```  renders as\nimport pandas as pd data = pd.read_csv(\u0026quot;data.csv\u0026quot;) data.head()  Math Academic supports a Markdown extension for $\\LaTeX$ math. You can enable this feature by toggling the math option in your config/_default/params.toml file.\nTo render inline or block math, wrap your LaTeX math with $...$ or $$...$$, respectively.\nExample math block:\n$$\\gamma_{n} = \\frac{ \\left | \\left (\\mathbf x_{n} - \\mathbf x_{n-1} \\right )^T \\left [\\nabla F (\\mathbf x_{n}) - \\nabla F (\\mathbf x_{n-1}) \\right ] \\right |} {\\left \\|\\nabla F(\\mathbf{x}_{n}) - \\nabla F(\\mathbf{x}_{n-1}) \\right \\|^2}$$  renders as\n$$\\gamma_{n} = \\frac{ \\left | \\left (\\mathbf x_{n} - \\mathbf x_{n-1} \\right )^T \\left [\\nabla F (\\mathbf x_{n}) - \\nabla F (\\mathbf x_{n-1}) \\right ] \\right |}{\\left |\\nabla F(\\mathbf{x}_{n}) - \\nabla F(\\mathbf{x}_{n-1}) \\right |^2}$$\nExample inline math $\\nabla F(\\mathbf{x}_{n})$ renders as $\\nabla F(\\mathbf{x}_{n})$.\nExample multi-line math using the \\\\\\\\ math linebreak:\n$$f(k;p_0^*) = \\begin{cases} p_0^* \u0026amp; \\text{if }k=1, \\\\\\\\ 1-p_0^* \u0026amp; \\text {if }k=0.\\end{cases}$$  renders as\n$$f(k;p_0^*) = \\begin{cases} p_0^* \u0026amp; \\text{if }k=1, \\\\\n1-p_0^* \u0026amp; \\text {if }k=0.\\end{cases}$$\nDiagrams Academic supports a Markdown extension for diagrams. You can enable this feature by toggling the diagram option in your config/_default/params.toml file or by adding diagram: true to your page front matter.\nAn example flowchart:\n```mermaid graph TD A[Hard] --\u0026gt;|Text| B(Round) B --\u0026gt; C{Decision} C --\u0026gt;|One| D[Result 1] C --\u0026gt;|Two| E[Result 2] ```  renders as\ngraph TD A[Hard] --\u0026gt;|Text| B(Round) B --\u0026gt; C{Decision} C --\u0026gt;|One| D[Result 1] C --\u0026gt;|Two| E[Result 2]  An example sequence diagram:\n```mermaid sequenceDiagram Alice-\u0026gt;\u0026gt;John: Hello John, how are you? loop Healthcheck John-\u0026gt;\u0026gt;John: Fight against hypochondria end Note right of John: Rational thoughts! John--\u0026gt;\u0026gt;Alice: Great! John-\u0026gt;\u0026gt;Bob: How about you? Bob--\u0026gt;\u0026gt;John: Jolly good! ```  renders as\nsequenceDiagram Alice-\u0026gt;\u0026gt;John: Hello John, how are you? loop Healthcheck John-\u0026gt;\u0026gt;John: Fight against hypochondria end Note right of John: Rational thoughts! John--\u0026gt;\u0026gt;Alice: Great! John-\u0026gt;\u0026gt;Bob: How about you? Bob--\u0026gt;\u0026gt;John: Jolly good!  An example Gantt diagram:\n```mermaid gantt section Section Completed :done, des1, 2014-01-06,2014-01-08 Active :active, des2, 2014-01-07, 3d Parallel 1 : des3, after des1, 1d Parallel 2 : des4, after des1, 1d Parallel 3 : des5, after des3, 1d Parallel 4 : des6, after des4, 1d ```  renders as\ngantt section Section Completed :done, des1, 2014-01-06,2014-01-08 Active :active, des2, 2014-01-07, 3d Parallel 1 : des3, after des1, 1d Parallel 2 : des4, after des1, 1d Parallel 3 : des5, after des3, 1d Parallel 4 : des6, after des4, 1d  An example class diagram:\n```mermaid classDiagram Class01 \u0026lt;|-- AveryLongClass : Cool \u0026lt;\u0026lt;interface\u0026gt;\u0026gt; Class01 Class09 --\u0026gt; C2 : Where am i? Class09 --* C3 Class09 --|\u0026gt; Class07 Class07 : equals() Class07 : Object[] elementData Class01 : size() Class01 : int chimp Class01 : int gorilla class Class10 { \u0026lt;\u0026lt;service\u0026gt;\u0026gt; int id size() } ```  renders as\nclassDiagram Class01 \u0026lt;|-- AveryLongClass : Cool \u0026lt;\u0026lt;interface\u0026gt;\u0026gt; Class01 Class09 --\u0026gt; C2 : Where am i? Class09 --* C3 Class09 --|\u0026gt; Class07 Class07 : equals() Class07 : Object[] elementData Class01 : size() Class01 : int chimp Class01 : int gorilla class Class10 { \u0026lt;\u0026lt;service\u0026gt;\u0026gt; int id size() }  An example state diagram:\n```mermaid stateDiagram [*] --\u0026gt; Still Still --\u0026gt; [*] Still --\u0026gt; Moving Moving --\u0026gt; Still Moving --\u0026gt; Crash Crash --\u0026gt; [*] ```  renders as\nstateDiagram [*] --\u0026gt; Still Still --\u0026gt; [*] Still --\u0026gt; Moving Moving --\u0026gt; Still Moving --\u0026gt; Crash Crash --\u0026gt; [*]  Todo lists You can even write your todo lists in Academic too:\n- [x] Write math example - [x] Write diagram example - [ ] Do something else  renders as\n Write math example Write diagram example Do something else  Tables Represent your data in tables:\n| First Header | Second Header | | ------------- | ------------- | | Content Cell | Content Cell | | Content Cell | Content Cell |  renders as\n   First Header Second Header     Content Cell Content Cell   Content Cell Content Cell    Asides Academic supports a shortcode for asides, also referred to as notices, hints, or alerts. By wrapping a paragraph in {{% alert note %}} ... {{% /alert %}}, it will render as an aside.\n{{% alert note %}} A Markdown aside is useful for displaying notices, hints, or definitions to your readers. {{% /alert %}}  renders as\n A Markdown aside is useful for displaying notices, hints, or definitions to your readers.   Spoilers Add a spoiler to a page to reveal text, such as an answer to a question, after a button is clicked.\n{{\u0026lt; spoiler text=\u0026quot;Click to view the spoiler\u0026quot; \u0026gt;}} You found me! {{\u0026lt; /spoiler \u0026gt;}}  renders as\n Click to view the spoiler  You found me!    Icons Academic enables you to use a wide range of icons from Font Awesome and Academicons in addition to emojis.\nHere are some examples using the icon shortcode to render icons:\n{{\u0026lt; icon name=\u0026quot;terminal\u0026quot; pack=\u0026quot;fas\u0026quot; \u0026gt;}} Terminal {{\u0026lt; icon name=\u0026quot;python\u0026quot; pack=\u0026quot;fab\u0026quot; \u0026gt;}} Python {{\u0026lt; icon name=\u0026quot;r-project\u0026quot; pack=\u0026quot;fab\u0026quot; \u0026gt;}} R  renders as\n  Terminal\n Python\n R\nDid you find this page helpful? Consider sharing it 🙌 ","date":1562889600,"expirydate":-62135596800,"kind":"page","lang":"en","lastmod":1562889600,"objectID":"07e02bccc368a192a0c76c44918396c3","permalink":"https://dmorafz.github.io/post/writing-technical-content/","publishdate":"2019-07-12T00:00:00Z","relpermalink":"/post/writing-technical-content/","section":"post","summary":"Academic is designed to give technical content creators a seamless experience. You can focus on the content and Academic handles the rest.\nHighlight your code snippets, take notes on math classes, and draw diagrams from textual representation.","tags":null,"title":"Writing technical content in Academic","type":"post"},{"authors":["David Mora-Fonz"],"categories":[],"content":"from IPython.core.display import Image Image('https://www.python.org/static/community_logos/python-logo-master-v3-TM-flattened.png')  print(\u0026quot;Welcome to Academic!\u0026quot;)  Welcome to Academic!  Install Python and JupyterLab  Install Anaconda which includes Python 3 and JupyterLab.\nAlternatively, install JupyterLab with pip3 install jupyterlab.\nCreate or upload a Jupyter notebook Run the following commands in your Terminal, substituting \u0026lt;MY-WEBSITE-FOLDER\u0026gt; and \u0026lt;SHORT-POST-TITLE\u0026gt; with the file path to your Academic website folder and a short title for your blog post (use hyphens instead of spaces), respectively:\nmkdir -p \u0026lt;MY-WEBSITE-FOLDER\u0026gt;/content/post/\u0026lt;SHORT-POST-TITLE\u0026gt;/ cd \u0026lt;MY-WEBSITE-FOLDER\u0026gt;/content/post/\u0026lt;SHORT-POST-TITLE\u0026gt;/ jupyter lab index.ipynb  The jupyter command above will launch the JupyterLab editor, allowing us to add Academic metadata and write the content.\nEdit your post metadata The first cell of your Jupter notebook will contain your post metadata ( front matter).\nIn Jupter, choose Markdown as the type of the first cell and wrap your Academic metadata in three dashes, indicating that it is YAML front matter:\n--- title: My post's title date: 2019-09-01 # Put any other Academic metadata here... ---  Edit the metadata of your post, using the documentation as a guide to the available options.\nTo set a featured image, place an image named featured into your post\u0026rsquo;s folder.\nFor other tips, such as using math, see the guide on writing content with Academic.\nConvert notebook to Markdown jupyter nbconvert index.ipynb --to markdown --NbConvertApp.output_files_dir=.  Example This post was created with Jupyter. The orginal files can be found at https://github.com/gcushen/hugo-academic/tree/master/exampleSite/content/post/jupyter\n","date":1549324800,"expirydate":-62135596800,"kind":"page","lang":"en","lastmod":1567641600,"objectID":"6e929dc84ed3ef80467b02e64cd2ed64","permalink":"https://dmorafz.github.io/post/jupyter/","publishdate":"2019-02-05T00:00:00Z","relpermalink":"/post/jupyter/","section":"post","summary":"Learn how to blog in Academic using Jupyter notebooks","tags":[],"title":"Display Jupyter Notebooks with Academic","type":"post"},{"authors":[],"categories":[],"content":"Create slides in Markdown with Academic  Academic | Documentation\n Features  Efficiently write slides in Markdown 3-in-1: Create, Present, and Publish your slides Supports speaker notes Mobile friendly slides   Controls  Next: Right Arrow or Space Previous: Left Arrow Start: Home Finish: End Overview: Esc Speaker notes: S Fullscreen: F Zoom: Alt + Click  PDF Export: E   Code Highlighting Inline code: variable\nCode block:\nporridge = \u0026quot;blueberry\u0026quot; if porridge == \u0026quot;blueberry\u0026quot;: print(\u0026quot;Eating...\u0026quot;)   Math In-line math: $x + y = z$\nBlock math:\n$$ f\\left( x \\right) = ;\\frac{{2\\left( {x + 4} \\right)\\left( {x - 4} \\right)}}{{\\left( {x + 4} \\right)\\left( {x + 1} \\right)}} $$\n Fragments Make content appear incrementally\n{{% fragment %}} One {{% /fragment %}} {{% fragment %}} **Two** {{% /fragment %}} {{% fragment %}} Three {{% /fragment %}}  Press Space to play!\nOne  Two  Three \n A fragment can accept two optional parameters:\n class: use a custom style (requires definition in custom CSS) weight: sets the order in which a fragment appears   Speaker Notes Add speaker notes to your presentation\n{{% speaker_note %}} - Only the speaker can read these notes - Press `S` key to view {{% /speaker_note %}}  Press the S key to view the speaker notes!\n Only the speaker can read these notes Press S key to view    Themes  black: Black background, white text, blue links (default) white: White background, black text, blue links league: Gray background, white text, blue links beige: Beige background, dark text, brown links sky: Blue background, thin dark text, blue links    night: Black background, thick white text, orange links serif: Cappuccino background, gray text, brown links simple: White background, black text, blue links solarized: Cream-colored background, dark green text, blue links   Custom Slide Customize the slide style and background\n{{\u0026lt; slide background-image=\u0026quot;/img/boards.jpg\u0026quot; \u0026gt;}} {{\u0026lt; slide background-color=\u0026quot;#0000FF\u0026quot; \u0026gt;}} {{\u0026lt; slide class=\u0026quot;my-style\u0026quot; \u0026gt;}}   Custom CSS Example Let\u0026rsquo;s make headers navy colored.\nCreate assets/css/reveal_custom.css with:\n.reveal section h1, .reveal section h2, .reveal section h3 { color: navy; }   Questions?  Ask\n Documentation\n","date":1549324800,"expirydate":-62135596800,"kind":"page","lang":"en","lastmod":1549324800,"objectID":"0e6de1a61aa83269ff13324f3167c1a9","permalink":"https://dmorafz.github.io/slides/example/","publishdate":"2019-02-05T00:00:00Z","relpermalink":"/slides/example/","section":"slides","summary":"An introduction to using Academic's Slides feature.","tags":[],"title":"Slides","type":"slides"},{"authors":null,"categories":null,"content":"","date":1461715200,"expirydate":-62135596800,"kind":"page","lang":"en","lastmod":1461715200,"objectID":"d1311ddf745551c9e117aa4bb7e28516","permalink":"https://dmorafz.github.io/project/external-project/","publishdate":"2016-04-27T00:00:00Z","relpermalink":"/project/external-project/","section":"project","summary":"An example of linking directly to an external project website using `external_link`.","tags":["Demo"],"title":"External Project","type":"project"},{"authors":null,"categories":null,"content":"Lorem ipsum dolor sit amet, consectetur adipiscing elit. Duis posuere tellus ac convallis placerat. Proin tincidunt magna sed ex sollicitudin condimentum. Sed ac faucibus dolor, scelerisque sollicitudin nisi. Cras purus urna, suscipit quis sapien eu, pulvinar tempor diam. Quisque risus orci, mollis id ante sit amet, gravida egestas nisl. Sed ac tempus magna. Proin in dui enim. Donec condimentum, sem id dapibus fringilla, tellus enim condimentum arcu, nec volutpat est felis vel metus. Vestibulum sit amet erat at nulla eleifend gravida.\nNullam vel molestie justo. Curabitur vitae efficitur leo. In hac habitasse platea dictumst. Sed pulvinar mauris dui, eget varius purus congue ac. Nulla euismod, lorem vel elementum dapibus, nunc justo porta mi, sed tempus est est vel tellus. Nam et enim eleifend, laoreet sem sit amet, elementum sem. Morbi ut leo congue, maximus velit ut, finibus arcu. In et libero cursus, rutrum risus non, molestie leo. Nullam congue quam et volutpat malesuada. Sed risus tortor, pulvinar et dictum nec, sodales non mi. Phasellus lacinia commodo laoreet. Nam mollis, erat in feugiat consectetur, purus eros egestas tellus, in auctor urna odio at nibh. Mauris imperdiet nisi ac magna convallis, at rhoncus ligula cursus.\nCras aliquam rhoncus ipsum, in hendrerit nunc mattis vitae. Duis vitae efficitur metus, ac tempus leo. Cras nec fringilla lacus. Quisque sit amet risus at ipsum pharetra commodo. Sed aliquam mauris at consequat eleifend. Praesent porta, augue sed viverra bibendum, neque ante euismod ante, in vehicula justo lorem ac eros. Suspendisse augue libero, venenatis eget tincidunt ut, malesuada at lorem. Donec vitae bibendum arcu. Aenean maximus nulla non pretium iaculis. Quisque imperdiet, nulla in pulvinar aliquet, velit quam ultrices quam, sit amet fringilla leo sem vel nunc. Mauris in lacinia lacus.\nSuspendisse a tincidunt lacus. Curabitur at urna sagittis, dictum ante sit amet, euismod magna. Sed rutrum massa id tortor commodo, vitae elementum turpis tempus. Lorem ipsum dolor sit amet, consectetur adipiscing elit. Aenean purus turpis, venenatis a ullamcorper nec, tincidunt et massa. Integer posuere quam rutrum arcu vehicula imperdiet. Mauris ullamcorper quam vitae purus congue, quis euismod magna eleifend. Vestibulum semper vel augue eget tincidunt. Fusce eget justo sodales, dapibus odio eu, ultrices lorem. Duis condimentum lorem id eros commodo, in facilisis mauris scelerisque. Morbi sed auctor leo. Nullam volutpat a lacus quis pharetra. Nulla congue rutrum magna a ornare.\nAliquam in turpis accumsan, malesuada nibh ut, hendrerit justo. Cum sociis natoque penatibus et magnis dis parturient montes, nascetur ridiculus mus. Quisque sed erat nec justo posuere suscipit. Donec ut efficitur arcu, in malesuada neque. Nunc dignissim nisl massa, id vulputate nunc pretium nec. Quisque eget urna in risus suscipit ultricies. Pellentesque odio odio, tincidunt in eleifend sed, posuere a diam. Nam gravida nisl convallis semper elementum. Morbi vitae felis faucibus, vulputate orci placerat, aliquet nisi. Aliquam erat volutpat. Maecenas sagittis pulvinar purus, sed porta quam laoreet at.\n","date":1461715200,"expirydate":-62135596800,"kind":"page","lang":"en","lastmod":1461715200,"objectID":"8f66d660a9a2edc2d08e68cc30f701f7","permalink":"https://dmorafz.github.io/project/internal-project/","publishdate":"2016-04-27T00:00:00Z","relpermalink":"/project/internal-project/","section":"project","summary":"An example of using the in-built project page.","tags":["Deep Learning"],"title":"Internal Project","type":"project"},{"authors":["David Mora-Fonz","吳恩達"],"categories":["Demo","教程"],"content":"Create a free website with Academic using Markdown, Jupyter, or RStudio. Choose a beautiful color theme and build anything with the Page Builder - over 40 widgets, themes, and language packs included!\n Check out the latest demo of what you\u0026rsquo;ll get in less than 10 minutes, or view the showcase of personal, project, and business sites.\n 👉 Get Started 📚 View the documentation 💬 Ask a question on the forum 👥 Chat with the community 🐦 Twitter: @source_themes @GeorgeCushen #MadeWithAcademic 💡 Request a feature or report a bug ⬆️ Updating? View the Update Guide and Release Notes ❤️ Support development of Academic:  ☕️ Donate a coffee 💵 Become a backer on Patreon 🖼️ Decorate your laptop or journal with an Academic sticker 👕 Wear the T-shirt 👩‍💻 Contribute      Academic is mobile first with a responsive design to ensure that your site looks stunning on every device.   Key features:\n Page builder - Create anything with widgets and elements Edit any type of content - Blog posts, publications, talks, slides, projects, and more! Create content in Markdown, Jupyter, or RStudio Plugin System - Fully customizable color and font themes Display Code and Math - Code highlighting and LaTeX math supported Integrations - Google Analytics, Disqus commenting, Maps, Contact Forms, and more! Beautiful Site - Simple and refreshing one page design Industry-Leading SEO - Help get your website found on search engines and social media Media Galleries - Display your images and videos with captions in a customizable gallery Mobile Friendly - Look amazing on every screen with a mobile friendly version of your site Multi-language - 15+ language packs including English, 中文, and Português Multi-user - Each author gets their own profile page Privacy Pack - Assists with GDPR Stand Out - Bring your site to life with animation, parallax backgrounds, and scroll effects One-Click Deployment - No servers. No databases. Only files.  Themes Academic comes with automatic day (light) and night (dark) mode built-in. Alternatively, visitors can choose their preferred mode - click the sun/moon icon in the top right of the Demo to see it in action! Day/night mode can also be disabled by the site admin in params.toml.\n Choose a stunning theme and font for your site. Themes are fully customizable.\nEcosystem   Academic Admin: An admin tool to import publications from BibTeX or import assets for an offline site  Academic Scripts: Scripts to help migrate content to new versions of Academic  Install You can choose from one of the following four methods to install:\n  one-click install using your web browser (recommended)  install on your computer using Git with the Command Prompt/Terminal app  install on your computer by downloading the ZIP files  install on your computer with RStudio  Then personalize and deploy your new site.\nUpdating  View the Update Guide.\nFeel free to star the project on Github to help keep track of updates.\nLicense Copyright 2016-present George Cushen.\nReleased under the MIT license.\n","date":1461110400,"expirydate":-62135596800,"kind":"page","lang":"en","lastmod":1555459200,"objectID":"279b9966ca9cf3121ce924dca452bb1c","permalink":"https://dmorafz.github.io/post/getting-started/","publishdate":"2016-04-20T00:00:00Z","relpermalink":"/post/getting-started/","section":"post","summary":"Create a beautifully simple website in under 10 minutes.","tags":["Academic","开源"],"title":"Academic: the website builder for Hugo","type":"post"}]